pressure_psia,Bo_rb_per_stb,Rs_scf_per_stb,Rv_stb_per_scf,Bg_rb_per_scf,Bw_rb_per_stb,muo_cp,mug_cp,muw_cp
5800,4.382,6042,0.0001655,0.000725,1.0,0.0612,0.0612,0.25
5550,4.441,6042,0.0001655,0.000735,1.0005001250208359,0.062,0.062,0.25
5450,4.468,6042,0.0001655,0.000739,1.0007002450571767,0.0587,0.0587,0.25
5420,2.378,2795,0.00016419999999999998,0.00074,1.0007602888731766,0.135,0.0581,0.25
5300,2.366,2750,0.00015659999999999998,0.000743,1.0010005001667084,0.1338,0.0554,0.25
4800,2.032,2128,0.000114,0.000758,1.0020020013340003,0.1826,0.0436,0.25
4300,1.828,1730,8.9e-05,0.000794,1.003004504503377,0.2354,0.0368,0.25
3800,1.674,1422,6.52e-05,0.0008539999999999999,1.004008010677342,0.3001,0.0308,0.25
3300,1.554,1177,4.8299999999999995e-05,0.0009469999999999999,1.005012520859401,0.3764,0.0261,0.25
2800,1.448,960,3.5e-05,0.00109,1.006018036054065,0.4781,0.0222,0.25
2300,1.36,776,2.5e-05,0.001313,1.0070245572668486,0.6041,0.0191,0.25
1800,1.279,607,1.9e-05,0.001677,1.0080320855042735,0.7746,0.0166,0.25
1300,1.2,443,1.5e-05,0.002316,1.0090406217738679,1.0295,0.0148,0.25
800,1.131,293,1.35e-05,0.003695,1.010050167084168,1.358,0.0135,0.25
