time_days,pressure_psia,pressure_observed_psia,water_influx_rb,aquifer_pressure_psia,underground_withdrawal_rb,hydrocarbon_expansion_rb,oil_expansion_rb,gas_expansion_rb,gas_cap_expansion_rb,rock_water_expansion_rb,water_injection_rb,gas_injection_rb,material_balance_residual_rb,closure_relative,aquifer_fraction,aquifer_rate_rb_per_day,gas_cap_expansion_fraction,gas_expansion_fraction,gas_recovery_factor,injection_fraction,oil_expansion_fraction,oil_recovery_factor,rock_water_fraction
0.0,2740.0,2740.0,0.0,,0.0,0.0,0.0,0.0,0.0,0.0,0.0,0.0,0.0,0.0,0.0,0.0,0.0,0.0,0.0,0.0,0.0,0.0,0.0
365.0,2461.368642352434,2500.0,4393441.944955388,,12182062.198472684,7788620.253516889,7788620.253516889,0.0,0.0,0.0,0.0,0.0,-4.079192876815796e-07,3.348524092519591e-14,0.3606484578207423,12036.827246453118,0.0,0.0,0.03838974358974359,0.0,0.6393515421792577,0.03283333333333333,0.0
730.0,2233.7845100628097,2290.0,14696816.168062735,,31066730.238609903,16369914.070546975,16369914.070546975,0.0,0.0,0.0,0.0,0.0,-1.9371509552001953e-07,6.235451688419702e-15,0.4730725137529132,28228.422529061227,0.0,0.0,0.099775,0.0,0.5269274862470869,0.07675,0.0
1095.0,2045.957892178169,2109.0,26941453.310455315,,53711481.235537216,26770027.924175393,26770027.924175393,0.0,0.0,0.0,0.0,0.0,-0.0009065121412277222,1.6877437009276612e-11,0.5015957983501803,33546.951075048164,0.0,0.0,0.17191025641025642,0.0,0.4984042016498198,0.12145833333333333,0.0
1460.0,1851.9377964660835,1949.0,40046491.83005514,,82273014.46303605,42226522.56383652,42226522.56383652,0.0,0.0,0.0,0.0,0.0,-0.06914438307285309,8.404260318420515e-10,0.4867512406720372,35904.2151221913,0.0,0.0,0.2543125,0.0,0.5132487593279628,0.16954166666666667,0.0
1825.0,1699.2940469357384,1818.0,53201413.84564062,,110654418.62508143,57453004.94731261,57453004.94731261,0.0,0.0,0.0,0.0,0.0,0.16787178814411163,1.5170816491135207e-09,0.48078887789548114,36040.88223448077,0.0,0.0,0.3294455128205128,0.0,0.5192111221045189,0.20891666666666667,0.0
2190.0,1564.2878031606747,1702.0,65517441.62433271,,140485627.0544099,74968185.21165541,74968185.21165541,0.0,0.0,0.0,0.0,0.0,-0.2184217870235443,1.5547625163031793e-09,0.4663640195791841,33742.54185943038,0.0,0.0,0.3988288461538462,0.0,0.533635980420816,0.24341666666666667,0.0
2555.0,1442.3122654819265,1608.0,76916550.16419475,,170033977.48881984,93117427.26023155,93117427.26023155,0.0,0.0,0.0,0.0,0.0,-0.06439352035522461,3.7870972205810247e-10,0.4523598831791208,31230.4343557864,0.0,0.0,0.4589875,0.0,0.5476401168208791,0.27245833333333336,0.0
2920.0,1326.2659959324305,1535.0,87485482.03255755,,199040340.59872967,111554858.56625536,111554858.56625536,0.0,0.0,0.0,0.0,0.0,8.323788642883301e-05,4.181960610518039e-13,0.4395364365301901,28955.977721541916,0.0,0.0,0.5078769230769231,0.0,0.56046356346981,0.29475,0.0
3285.0,1204.00158190653,1480.0,97563006.34359792,,228543235.0102835,130980228.66669032,130980228.66669032,0.0,0.0,0.0,0.0,0.0,4.738569259643555e-06,2.073379795919245e-14,0.42689080838120613,27609.65564668595,0.0,0.0,0.5471044871794872,0.0,0.5731091916187938,0.3105833333333333,0.0
3650.0,1058.0394189734138,1440.0,107799076.77125125,,261969773.88475072,154170697.11350363,154170697.11350363,0.0,0.0,0.0,0.0,0.0,4.172325134277344e-06,1.5926742510808986e-14,0.41149433071112224,28044.028568913225,0.0,0.0,0.5757615384615384,0.0,0.5885056692888777,0.322625,0.0
