time_days,Np_stb,Gp_scf,Wp_stb,Winj_stb,Ginj_scf,pressure_psia
0,0.0,0.0,0.0,0.0,0.0,8000
365,10656.0,240000000.0,0.0,0.0,0.0,7500
730,15540.0,350000000.0,0.0,0.0,0.0,7280
1095,18648.0,420000000.0,0.0,0.0,0.0,7250
1460,25752.0,580000000.0,0.0,0.0,0.0,7000
1825,33744.0,770000000.0,0.0,0.0,0.0,6500
2190,46176.0,1100000000.0,0.0,0.0,0.0,6000
2555,61272.0,1530000000.0,0.0,0.0,0.0,5500
2920,73704.00000000001,1920000000.0,0.0,0.0,0.0,5000
3285,88800.0,2490000000.0,0.0,0.0,0.0,4500
3650,102564.0,3070000000.0,0.0,0.0,0.0,4000
4015,114996.0,3710000000.0,0.0,0.0,0.0,3500
4380,126540.0,4470000000.0,0.0,0.0,0.0,3000
4745,136752.0,5320000000.0,0.0,0.0,0.0,2500
5110,145188.00000000003,6240000000.0,0.0,0.0,0.0,2000
5475,151404.0,7170000000.0,0.0,0.0,0.0,1500
5840,156288.00000000003,8090000000.0,0.0,0.0,0.0,1000
