pressure_psia,Bo_rb_per_stb,Rs_scf_per_stb,Rv_stb_per_scf,Bg_rb_per_scf,Bw_rb_per_stb,muo_cp,mug_cp,muw_cp
4998,2.713,2909,0.000343,0.000932,1.0502268244961637,0.0735,0.0735,0.25
4798,2.74,2909,0.000343,0.000942,1.0508571496695036,0.0716,0.0716,0.25
4698,2.754,2909,0.000343,0.000947,1.0511724541077054,0.0706,0.0706,0.25
4658,2.707,2834,0.000116,0.00083,1.0512986023709427,0.0718,0.0375,0.25
4598,2.631,2711,0.000111,0.0008349999999999,1.051487853151429,0.0739,0.0367,0.25
4398,2.338,2247,0.000106,0.000853,1.0521189351689926,0.0847,0.035,0.25
4198,2.204,2019,9.4e-05,0.000874,1.0527503959493842,0.0906,0.0327,0.25
3998,2.093,1828,8.4e-05,0.000901,1.0533822357199298,0.0968,0.0306,0.25
3798,1.991,1651,7.4e-05,0.000933,1.0540144547080916,0.1028,0.0288,0.25
3598,1.905,1500,6.6e-05,0.0009699999999999,1.0546470531414684,0.1104,0.0271,0.25
3398,1.828,1364,6e-05,0.0010149999999999,1.055280031247796,0.1177,0.0255,0.25
3198,1.758,1237,5.4e-05,0.001066,1.0559133892549462,0.1242,0.024,0.25
2998,1.686,1111,4.9e-05,0.001125,1.0565471273909277,0.1325,0.0227,0.25
2798,1.632,1013,4.4e-05,0.001196,1.0571812458838863,0.1409,0.0214,0.25
2598,1.58,918,3.9e-05,0.001281,1.0578157449621055,0.1501,0.0203,0.25
2398,1.534,833,3.6e-05,0.00138,1.0584506248540038,0.1598,0.0193,0.25
2198,1.49,752,3.3e-05,0.001498,1.059085885788139,0.1697,0.0184,0.25
1998,1.45,677,3e-05,0.0016419999999999,1.0597215279932035,0.1817,0.0175,0.25
1798,1.413,608,2.8e-05,0.0018189999999999,1.0603575516980306,0.194,0.0168,0.25
1598,1.367,524,2.6e-05,0.002035,1.0609939571315872,0.2064,0.0161,0.25
1398,1.333,461,2.5e-05,0.002315,1.06163074452298,0.2223,0.0155,0.25
1198,1.305,406,2.4100000000000003e-05,0.002689,1.0622679141014522,0.2438,0.015,0.25
998,1.272,344,2.39e-05,0.00319,1.0629054660963848,0.2629,0.0146,0.25
798,1.239,283,2.44e-05,0.003911,1.063543400737297,0.2882,0.0142,0.25
598,1.205,212,2.64e-05,0.0050339999999999,1.0641817182538449,0.3193,0.0138,0.25
